frequency,ka,acousticTS,echoSMs,sphereTS,noaa_applet
1000.0,0.0810225953440541,-80.2326022528742,-80.23260225285766,-80.23260225287368,-80.2326022528686
2000.0,0.162045190688108,-68.283410714827,-68.2834107148267,-68.28341071482635,-68.283410714827
3000.0,0.243067786032162,-61.3931949572824,-61.393194957280656,-61.39319495728231,-61.39319495728169
4000.0,0.324090381376216,-56.6109701134043,-56.610970113403276,-56.610970113404406,-56.61097011340392
5000.0,0.405112976720271,-53.0130004802238,-53.01300048022301,-53.0130004802238,-53.013000480223546
6000.0,0.486135572064325,-50.1896319838327,-50.18963198383227,-50.18963198383279,-50.18963198383255
7000.0,0.567158167408379,-47.9248477842501,-47.92484778424996,-47.92484778425062,-47.924847784250055
8000.0,0.648180762752433,-46.0927634275135,-46.092763427513376,-46.092763427513496,-46.09276342751345
9000.0,0.729203358096487,-44.6155703372115,-44.615570337211274,-44.615570337211466,-44.61557033721142
10000.0,0.810225953440541,-43.4436221910894,-43.44362219108931,-43.443622191089155,-43.44362219108933
11000.0,0.891248548784595,-42.5448740669394,-42.544874066939336,-42.54487406693858,-42.54487406693934
12000.0,0.972271144128649,-41.8987762532203,-41.89877625322025,-41.89877625321764,-41.898776253220305
13000.0,1.0532937394727,-41.492497909476,-41.492497909475894,-41.49249790947604,-41.49249790947596
14000.0,1.13431633481676,-41.3183883348969,-41.318388334896824,-41.318388334896994,-41.31838833489687
15000.0,1.21533893016081,-41.371854712965,-41.37185471296491,-41.371854712965416,-41.37185471296497
16000.0,1.29636152550487,-41.6485824474562,-41.64858244745605,-41.64858244745759,-41.64858244745611
17000.0,1.37738412084892,-42.1391207054507,-42.13912070545058,-42.13912070545517,-42.139120705450644
18000.0,1.45840671619297,-42.8169541029388,-42.81695410293871,-42.816954102938695,-42.81695410293875
19000.0,1.53942931153703,-43.6137581382696,-43.61375813826949,-43.613758138269326,-43.61375813826953
20000.0,1.62045190688108,-44.3796725247026,-44.37967252470253,-44.37967252470194,-44.379672524702556
21000.0,1.70147450222514,-44.8632052342837,-44.86320523428365,-44.86320523428233,-44.863205234283654
22000.0,1.78249709756919,-44.8147242834861,-44.81472428348611,-44.81472428348414,-44.814724283486115
23000.0,1.86351969291324,-44.2076933576225,-44.20769335762253,-44.20769335762253,-44.20769335762253
24000.0,1.9445422882573,-43.2682122971665,-43.26821229716651,-43.26821229716646,-43.26821229716649
25000.0,2.02556488360135,-42.261328197662,-42.26132819766195,-42.26132819766182,-42.26132819766195
26000.0,2.10658747894541,-41.3554125880507,-41.355412588050704,-41.35541258805033,-41.355412588050704
27000.0,2.18761007428946,-40.628313758996,-40.62831375899602,-40.628313758995034,-40.62831375899603
28000.0,2.26863266963351,-40.1079453577197,-40.10794535771977,-40.107945357717426,-40.10794535771975
29000.0,2.34965526497757,-39.7998401495999,-39.799840149599945,-39.79984014959459,-39.7998401495999
30000.0,2.43067786032162,-39.7002334067452,-39.7002334067453,-39.70023340674529,-39.70023340674516
31000.0,2.51170045566568,-39.8005143434008,-39.80051434340081,-39.80051434340117,-39.80051434340083
32000.0,2.59272305100973,-40.0863662305151,-40.08636623051512,-40.08636623051589,-40.08636623051514
33000.0,2.67374564635379,-40.5323096608173,-40.53230966081724,-40.53230966081907,-40.532309660817276
34000.0,2.75476824169784,-41.0911236183045,-41.091123618304415,-41.091123618308636,-41.091123618304486
35000.0,2.83579083704189,-41.6794203535289,-41.679420353528684,-41.67942035353815,-41.679420353528855
36000.0,2.91681343238595,-42.1699084764806,-42.16990847648026,-42.169908476480266,-42.16990847648056
37000.0,2.99783602773,-42.4167635807306,-42.41676358073002,-42.41676358073004,-42.41676358073063
38000.0,3.07885862307406,-42.3296920811525,-42.32969208115144,-42.329692081151435,-42.32969208115249
39000.0,3.15988121841811,-41.9394929071255,-41.93949290712375,-41.939492907123764,-41.939492907125455
40000.0,3.24090381376216,-41.373068541494,-41.37306854149139,-41.37306854149142,-41.37306854149401
41000.0,3.32192640910622,-40.7712453130136,-40.77124531300978,-40.771245313009786,-40.771245313013566
42000.0,3.40294900445027,-40.2371867775379,-40.2371867775325,-40.237186777532514,-40.23718677753783
43000.0,3.48397159979433,-39.83098736916,-39.83098736915263,-39.83098736915985,-39.830987369159885
44000.0,3.56499419513838,-39.5823604391078,-39.58236043910801,-39.58236043910786,-39.582360439107845
45000.0,3.64601679048243,-39.5026713313982,-39.50267133139837,-39.50267133139839,-39.50267133139817
46000.0,3.72703938582649,-39.5915674703179,-39.59156747031807,-39.5915674703181,-39.59156747031789
47000.0,3.80806198117054,-39.8384818746607,-39.83848187466069,-39.83848187466083,-39.83848187466073
48000.0,3.8890845765146,-40.2197641236338,-40.219764123632906,-40.219764123633084,-40.21976412363382
49000.0,3.97010717185865,-40.6920908649183,-40.69209086491493,-40.69209086491515,-40.69209086491828
50000.0,4.05112976720271,-41.1845870640091,-41.184587063999416,-41.18458706400929,-41.184587064008895
51000.0,4.13215236254676,-41.5978489495077,-41.597848949483875,-41.597848949508005,-41.59784894950725
52000.0,4.21317495789081,-41.82477352636,-41.82477352630802,-41.82477352636031,-41.82477352635889
53000.0,4.29419755323487,-41.7979743898133,-41.79797438971252,-41.79797438981354,-41.79797438981097
54000.0,4.37522014857892,-41.5309407387152,-41.53094073853934,-41.53094073871553,-41.53094073871111
55000.0,4.45624274392298,-41.1083640369189,-41.108364036634775,-41.10836403691876,-41.10836403691201
56000.0,4.53726533926703,-40.636960855894,-40.63696085590533,-40.63696085590521,-40.63696085589428
57000.0,4.61828793461108,-40.2053419280313,-40.205341928048874,-40.205341928048725,-40.205341928031764
58000.0,4.69931052995514,-39.8719270072361,-39.87192700726295,-39.871927007236216,-39.871927007236785
59000.0,4.78033312529919,-39.6693464105369,-39.669346410577624,-39.669346410536924,-39.669346410537905
60000.0,4.86135572064325,-39.6120424658455,-39.612042465907045,-39.61204246584547,-39.612042465847026
61000.0,4.9423783159873,-39.7014016609225,-39.70140166101483,-39.70140166092257,-39.70140166092497
62000.0,5.02340091133135,-39.9272774356445,-39.92727743578015,-39.92727743564458,-39.92727743564822
63000.0,5.10442350667541,-40.2661432183177,-40.26614321850965,-40.26614321831772,-40.26614321832308
64000.0,5.18544610201946,-40.6767573017355,-40.67675730173532,-40.67675730172805,-40.67675730173532
65000.0,5.26646869736352,-41.0960541630923,-41.09605416309211,-41.09605416308362,-41.096054163092134
66000.0,5.34749129270757,-41.4418784920284,-41.441878492028216,-41.44187849202842,-41.441878492028216
67000.0,5.42851388805162,-41.6316540505854,-41.63165405058544,-41.63165405058538,-41.63165405058545
68000.0,5.50953648339568,-41.6165091069895,-41.616509107014615,-41.616509106989604,-41.61650910699023
69000.0,5.59055907873973,-41.4078607335599,-41.407860733627516,-41.407860733559986,-41.40786073356192
70000.0,5.67158167408379,-41.0703300097683,-41.070330009905256,-41.07033000976841,-41.07033000977253
71000.0,5.75260426942784,-40.6883687633914,-40.68836876339113,-40.68836876338349,-40.68836876339114
72000.0,5.8336268647719,-40.3363903957968,-40.33639039579633,-40.33639039578336,-40.336390395796386
73000.0,5.91464946011595,-40.0668538213788,-40.06685382137812,-40.06685382135689,-40.06685382137817
74000.0,5.99567205546,-39.9111124419119,-39.91111244191071,-39.911112441911804,-39.91111244191078
75000.0,6.07669465080406,-39.884174134403,-39.88417413440117,-39.88417413440302,-39.884174134401285
76000.0,6.15771724614811,-39.9885241590621,-39.98852415905923,-39.9885241590622,-39.988524159059324
77000.0,6.23873984149217,-40.2155165263107,-40.21551652630605,-40.21551652631075,-40.21551652630613
78000.0,6.31976243683622,-40.5443219004785,-40.544321900471054,-40.544321900478565,-40.544321900471154
79000.0,6.40078503218028,-40.9392977087423,-40.93929770874261,-40.939297708754026,-40.93929770874261
80000.0,6.48180762752433,-41.3481696425983,-41.34816964259886,-41.348169642616256,-41.34816964259886
81000.0,6.56283022286838,-41.7058605468396,-41.7058605468404,-41.70586054686545,-41.7058605468404
82000.0,6.64385281821244,-41.9495429204951,-41.94954292049624,-41.949542920495006,-41.94954292049624
83000.0,6.72487541355649,-42.043644474497,-42.04364447449834,-42.04364447449686,-42.04364447449839
84000.0,6.80589800890054,-42.0001053081095,-42.000105308111074,-42.00010530810943,-42.000105308111095
85000.0,6.8869206042446,-41.877633296849,-41.87763329685059,-41.87763329684909,-41.87763329685051
86000.0,6.96794319958865,-41.7641954915571,-41.764195491558226,-41.76419549155722,-41.76419549155816
87000.0,7.04896579493271,-41.7657062280501,-41.76570622805006,-41.765706228050014,-41.76570622805013
88000.0,7.12998839027676,-42.0284337784756,-42.02843377847559,-42.02843377847704,-42.028433778475545
89000.0,7.21101098562082,-42.8646182953729,-42.86461829537305,-42.8646182953766,-42.86461829537303
90000.0,7.29203358096487,-45.4806800232372,-45.4806800232375,-45.480680023237205,-45.48068002323742
91000.0,7.37305617630892,-66.3638468938104,-66.36384689377597,-66.36384689377276,-66.36384689377753
92000.0,7.45407877165298,-40.0060272759,-40.00602727590257,-40.00602727589991,-40.006027275902376
93000.0,7.53510136699703,-38.5446101564463,-38.54461015645012,-38.544610156446225,-38.54461015645004
94000.0,7.61612396234109,-38.984724750989,-38.9847247509948,-38.9847247509891,-38.98472475099487
95000.0,7.69714655768514,-39.4577170840643,-39.45771708406387,-39.45771708405494,-39.45771708406393
96000.0,7.77816915302919,-39.8048983866124,-39.80489838661173,-39.80489838659816,-39.80489838661184
97000.0,7.85919174837325,-40.0005855425107,-40.000585542509874,-40.00058554249022,-40.00058554250997
98000.0,7.9402143437173,-40.0468542055013,-40.046854205500125,-40.04685420547314,-40.04685420550017
99000.0,8.02123693906136,-39.9703248756616,-39.97032487566017,-39.970324875661696,-39.97032487566019
100000.0,8.10225953440541,-39.816241813098,-39.81624181309614,-39.81624181309804,-39.81624181309617
101000.0,8.18328212974946,-39.6358850373778,-39.6358850373756,-39.63588503737785,-39.63588503737558
102000.0,8.26430472509352,-39.4752119264448,-39.47521192644214,-39.47521192644477,-39.47521192644214
103000.0,8.34532732043757,-39.3689870288909,-39.36898702888811,-39.36898702889095,-39.36898702888811
104000.0,8.42634991578163,-39.3395403243932,-39.33954032439325,-39.33954032439594,-39.33954032439327
105000.0,8.50737251112568,-39.3975680232968,-39.397568023296785,-39.3975680232987,-39.39756802329685
106000.0,8.58839510646974,-39.5430231719461,-39.54302317194608,-39.54302317194581,-39.543023171946075
107000.0,8.66941770181379,-39.7652672417774,-39.76526724177714,-39.76526724177201,-39.765267241777195
108000.0,8.75044029715784,-40.0426366366549,-40.042636636654116,-40.04263663665482,-40.04263663665419
109000.0,8.8314628925019,-40.3425750702368,-40.34257507023513,-40.34257507023675,-40.34257507023525
110000.0,8.91248548784595,-40.6245840356472,-40.62458403564396,-40.62458403564709,-40.62458403564406
111000.0,8.99350808319,-40.8487299015215,-40.84872990151548,-40.848729901521125,-40.84872990151574
112000.0,9.07453067853406,-40.9909334146012,-40.990933414601486,-40.990933414610915,-40.990933414601514
113000.0,9.15555327387811,-41.0644577869494,-41.06445778694982,-41.064457786965285,-41.064457786950115
114000.0,9.23657586922217,-41.1633598361567,-41.16335983615733,-41.16335983618082,-41.16335983615766
115000.0,9.31759846456622,-41.7668117704111,-41.7668117704124,-41.76681177044878,-41.766811770412716
116000.0,9.39862105991028,-38.1642137798247,-38.16421377982577,-38.16421377985568,-38.16421377982594
117000.0,9.47964365525433,-39.036852350402,-39.036852350404246,-39.03685235040198,-39.03685235040441
118000.0,9.56066625059838,-39.2881481391077,-39.28814813911131,-39.288148139107044,-39.28814813911116
119000.0,9.64168884594244,-39.3880363086692,-39.388036308674074,-39.38803630866859,-39.38803630867394
120000.0,9.72271144128649,-39.5026416945861,-39.502641694592434,-39.50264169458548,-39.502641694592384
121000.0,9.80373403663055,-39.6712847566276,-39.6712847566273,-39.6712847566186,-39.67128475662727
122000.0,9.8847566319746,-39.898559526349,-39.89855952634843,-39.8985595263378,-39.89855952634851
123000.0,9.96577922731866,-40.1716310278616,-40.17163102786101,-40.171631027849095,-40.17163102786104
124000.0,10.0468018226627,-40.465661842683,-40.465661842682366,-40.46566184266966,-40.4656618426824
125000.0,10.1278244180068,-40.7482194988185,-40.74821949881795,-40.74821949881858,-40.74821949881796
126000.0,10.2088470133508,-40.986358996541,-40.986358996540766,-40.98635899654112,-40.986358996540766
127000.0,10.2898696086949,-41.1569616588281,-41.15696165882877,-41.15696165882835,-41.1569616588287
128000.0,10.3708922040389,-41.257369977093,-41.25736997709501,-41.25736997709361,-41.25736997709518
129000.0,10.451914799383,-41.3116639482587,-41.31166394825832,-41.31166394825474,-41.3116639482586
130000.0,10.532937394727,-41.3716637697957,-41.37166376979542,-41.37166376978841,-41.37166376979552
131000.0,10.6139599900711,-41.5203964100997,-41.52039641009886,-41.52039641008707,-41.520396410099195
132000.0,10.6949825854151,-41.8998752076296,-41.89987520762833,-41.89987520761015,-41.89987520762871
133000.0,10.7760051807592,-42.8375447510455,-42.837544751045435,-42.83754475101575,-42.837544751044206
134000.0,10.8570277761032,-45.518680210925,-45.51868021092407,-45.518680210934235,-45.518680210922675
135000.0,10.9380503714473,-59.271826177403,-59.271826177422085,-59.271826177447466,-59.271826177423506
136000.0,11.0190729667914,-43.207378750734,-43.20737875073452,-43.20737875072104,-43.20737875073401
137000.0,11.1000955621354,-39.9737589436191,-39.97375894361597,-39.9737589436172,-39.97375894361601
138000.0,11.1811181574795,-39.6525095202242,-39.65250952022437,-39.6525095202291,-39.65250952022443
139000.0,11.2621407528235,-39.8367212486633,-39.83672124866365,-39.8367212486703,-39.83672124866368
140000.0,11.3431633481676,-40.0326548181013,-40.03265481810158,-40.032654818108995,-40.03265481810167
141000.0,11.4241859435116,-39.7140840552834,-39.71408405528349,-39.714084055289156,-39.71408405528358
142000.0,11.5052085388557,-38.9608490839014,-38.96084908390121,-38.96084908390573,-38.960849083901635
143000.0,11.5862311341997,-38.8902728258372,-38.89027282583677,-38.89027282583942,-38.8902728258373
144000.0,11.6672537295438,-38.9570066204094,-38.95700662040855,-38.9570066204094,-38.957006620409146
145000.0,11.7482763248878,-38.9614574301463,-38.961457430144534,-38.961457430146105,-38.961457430145316
146000.0,11.8292989202319,-38.9258336569175,-38.92583365691459,-38.92583365691734,-38.92583365691533
147000.0,11.910321515576,-38.8882089100064,-38.88820891000679,-38.88820891001001,-38.88820891000641
148000.0,11.99134411092,-38.8770719582326,-38.877071958233245,-38.8770719582391,-38.87707195823283
149000.0,12.0723667062641,-38.9097914705776,-38.90979147057747,-38.90979147058823,-38.90979147057803
150000.0,12.1533893016081,-38.9935358487576,-38.99353584875787,-38.993535848774755,-38.99353584875842
151000.0,12.2344118969522,-39.12614234411,-39.1261423441108,-39.126142344136476,-39.12614234411138
152000.0,12.3154344922962,-39.296765281838,-39.29676528183981,-39.29676528187758,-39.296765281840116
153000.0,12.3964570876403,-39.4867412188851,-39.48674121888804,-39.486741218884816,-39.4867412188883
154000.0,12.4774796829843,-39.6714826947219,-39.67148269472638,-39.6714826947217,-39.67148269472662
155000.0,12.5585022783284,-39.8242524308501,-39.82425243085662,-39.824252430849945,-39.82425243085684
156000.0,12.6395248736724,-39.921961070673,-39.92196107067258,-39.92196107066295,-39.92196107067245
157000.0,12.7205474690165,-39.9515843579762,-39.95158435797557,-39.95158435796328,-39.95158435797548
158000.0,12.8015700643606,-39.9144228137941,-39.914422813793095,-39.91442281377793,-39.91442281379311
159000.0,12.8825926597046,-39.8259179259542,-39.82591792595295,-39.82591792593541,-39.825917925953085
160000.0,12.9636152550487,-39.7112903840353,-39.711290384033894,-39.71129038401318,-39.71129038403399
161000.0,13.0446378503927,-39.5997403747488,-39.599740374747334,-39.599740374725,-39.59974037474741
162000.0,13.1256604457368,-39.5206834911602,-39.52068349115854,-39.52068349113517,-39.5206834911587
163000.0,13.2066830410808,-39.5071230437084,-39.5071230437068,-39.50712304370865,-39.507123043707
164000.0,13.2877056364249,-39.6427147844928,-39.64271478449135,-39.642714784493045,-39.64271478449153
165000.0,13.3687282317689,-39.6758026741638,-39.675802674166455,-39.67580267415813,-39.67580267416537
166000.0,13.449750827113,-39.351005694085,-39.35100569408492,-39.351005694083995,-39.351005694084954
167000.0,13.530773422457,-39.6586879628823,-39.65868796288235,-39.65868796287917,-39.65868796288216
168000.0,13.6117960178011,-39.9708462285631,-39.97084622856295,-39.97084622855668,-39.97084622856275
169000.0,13.6928186131451,-40.3687157021979,-40.368715702197264,-40.36871570218639,-40.36871570219715
170000.0,13.7738412084892,-40.9638644784049,-40.96386447840399,-40.96386447838694,-40.96386447840384
171000.0,13.8548638038333,-42.1029014401669,-42.10290144016585,-42.10290144016659,-42.10290144016557
172000.0,13.9358863991773,-45.1844652610777,-45.18446526107708,-45.184465261076035,-45.184465261076554
173000.0,14.0169089945214,-54.4867835061066,-54.48678350614202,-54.48678350610875,-54.486783506139986
174000.0,14.0979315898654,-44.0428993617593,-44.04289936175957,-44.04289936176251,-44.04289936176011
175000.0,14.1789541852095,-40.838131390364,-40.83813139036458,-40.838131390370656,-40.83813139036444
176000.0,14.2599767805535,-39.8514717827507,-39.851471782751496,-39.851471782760854,-39.851471782751446
177000.0,14.3409993758976,-39.4571643487661,-39.457164348767,-39.457164348778655,-39.457164348766995
178000.0,14.4220219712416,-39.2834511820532,-39.28345118205433,-39.283451182068234,-39.283451182054314
179000.0,14.5030445665857,-39.2241763894061,-39.224176389407305,-39.22417638942311,-39.224176389407326
180000.0,14.5840671619297,-39.2393787444795,-39.23937874448083,-39.23937874449754,-39.23937874448087
181000.0,14.6650897572738,-39.3061323245555,-39.306132324556636,-39.306132324572346,-39.3061323245568
182000.0,14.7461123526178,-39.4042334322535,-39.40423343225434,-39.40423343225456,-39.404233432254564
183000.0,14.8271349479619,-39.5122305665866,-39.512230566586524,-39.512230566587576,-39.51223056658683
184000.0,14.908157543306,-39.6077622653182,-39.607762265319415,-39.60776226532022,-39.6077622653185
185000.0,14.98918013865,-39.6703828265751,-39.670382826576464,-39.670382826579754,-39.67038282657551
186000.0,15.0702027339941,-39.6855956812691,-39.6855956812707,-39.68559568127866,-39.6855956812699
187000.0,15.1512253293381,-39.6483600509073,-39.64836005090958,-39.6483600509232,-39.648360050908636
188000.0,15.2322479246822,-39.5643026960579,-39.56430269606067,-39.56430269608203,-39.5643026960597
189000.0,15.3132705200262,-39.4479267754399,-39.447926775443364,-39.447926775475,-39.44792677544244
190000.0,15.3942931153703,-39.3186758344379,-39.31867583444263,-39.3186758344875,-39.31867583444156
191000.0,15.4753157107143,-39.1965528068135,-39.196552806819504,-39.1965528068148,-39.19655280681843
192000.0,15.5563383060584,-39.0986547351579,-39.098654735165496,-39.09865473515914,-39.098654735164494
193000.0,15.6373609014024,-39.0370837429948,-39.03708374299541,-39.037083742986816,-39.03708374299451
194000.0,15.7183834967465,-39.0180105023166,-39.018010502317,-39.01801050230574,-39.018010502316194
195000.0,15.7994060920905,-39.0414624732046,-39.041462473204625,-39.0414624731902,-39.04146247320384
196000.0,15.8804286874346,-39.10154636172,-39.10154636171925,-39.10154636170147,-39.101546361718945
197000.0,15.9614512827787,-39.1870792855229,-39.1870792855217,-39.187079285499344,-39.187079285521484
198000.0,16.0424738781227,-39.2828435758298,-39.28284357582855,-39.28284357580094,-39.28284357582805
199000.0,16.1234964734668,-39.3717735909324,-39.371773590930424,-39.37177359089801,-39.371773590930104
200000.0,16.2045190688108,-39.4382124606185,-39.438212460615766,-39.43821246057893,-39.43821246061566
201000.0,16.2855416641549,-39.4719406393086,-39.47194063930553,-39.471940639308244,-39.471940639305444
202000.0,16.3665642594989,-39.4723163203625,-39.47231632036258,-39.4723163203652,-39.47231632036244
203000.0,16.447586854843,-39.452383587152,-39.45238358715213,-39.452383587154436,-39.452383587152
204000.0,16.528609450187,-39.4455196722584,-39.44551967225836,-39.445519672260275,-39.44551967225823
205000.0,16.6096320455311,-39.5256905065189,-39.525690506518806,-39.52569050652059,-39.52569050651866
206000.0,16.6906546408751,-39.8836590541243,-39.88365905412438,-39.88365905412757,-39.88365905412414
207000.0,16.7716772362192,-41.1427376252657,-41.14273762526637,-41.142737625276844,-41.14273762526609
208000.0,16.8526998315633,-45.7721426848378,-45.77214268484128,-45.772142684837966,-45.772142684841114
209000.0,16.9337224269073,-56.7987584852053,-56.7987584852137,-56.798758485209184,-56.798758485211145
210000.0,17.0147450222514,-45.67787228538,-45.677872285370604,-45.677872285379635,-45.67787228537106
211000.0,17.0957676175954,-42.7760298482876,-42.7760298482778,-42.77602984828721,-42.77602984827795
212000.0,17.1767902129395,-41.6576263901631,-41.65762639016356,-41.657626390174116,-41.65762639016367
213000.0,17.2578128082835,-41.1277119822739,-41.127711982274505,-41.12771198228713,-41.12771198227459
214000.0,17.3388354036276,-40.8326949722873,-40.832694972288124,-40.83269497230325,-40.83269497228818
215000.0,17.4198579989716,-40.63455611838,-40.634556118381056,-40.63455611839864,-40.63455611838116
216000.0,17.5008805943157,-40.4717227885107,-40.47172278851211,-40.471722788532,-40.47172278851218
217000.0,17.5819031896597,-40.3186033035881,-40.31860330358974,-40.31860330361123,-40.318603303589775
218000.0,17.6629257850038,-40.1705838310306,-40.170583831032374,-40.17058383105419,-40.1705838310325
219000.0,17.7439483803478,-40.0367288259793,-40.036728825981285,-40.036728826000896,-40.03672882598113
220000.0,17.8249709756919,-39.9083698217956,-39.90836982179722,-39.90836982179604,-39.90836982179709
221000.0,17.905993571036,-39.8800432538346,-39.880043253834934,-39.8800432538342,-39.88004325383479
222000.0,17.98701616638,-39.9216021548978,-39.92160215489857,-39.92160215489916,-39.92160215489817
223000.0,18.0680387617241,-40.1041669304394,-40.10416693044022,-40.10416693044338,-40.10416693044016
224000.0,18.1490613570681,-40.371071649261,-40.37107164926176,-40.3710716492699,-40.371071649262134
225000.0,18.2300839524122,-39.0589957571916,-39.05899575719327,-39.05899575720718,-39.05899575719331
226000.0,18.3111065477562,-37.9742485489326,-37.97424854893383,-37.9742485489495,-37.97424854893417
227000.0,18.3921291431003,-38.2427095473542,-38.242709547356355,-38.24270954737872,-38.24270954735657
228000.0,18.4731517384443,-38.4906886338517,-38.49068863385445,-38.49068863388726,-38.490688633854816
229000.0,18.5541743337884,-38.6468605995115,-38.646860599515314,-38.64686059956212,-38.64686059951572
230000.0,18.6351969291324,-38.7280038274497,-38.72800382745553,-38.72800382752014,-38.72800382745549
231000.0,18.7162195244765,-38.7440762824148,-38.74407628241481,-38.744076282407185,-38.74407628241455
232000.0,18.7972421198206,-38.702847380048,-38.70284738004786,-38.70284738003791,-38.70284738004758
233000.0,18.8782647151646,-38.6141767602244,-38.61417676022403,-38.614176760211436,-38.61417676022369
234000.0,18.9592873105087,-38.4906457348325,-38.49064573483167,-38.490645734815956,-38.49064573483142
235000.0,19.0403099058527,-38.3461749450838,-38.34617494508269,-38.3461749450637,-38.34617494508247
236000.0,19.1213325011968,-38.1943236209085,-38.1943236209069,-38.19432362088413,-38.194323620906786
237000.0,19.2023550965408,-38.047901597064,-38.047901597062065,-38.04790159703492,-38.04790159706185
238000.0,19.2833776918849,-37.9224014582504,-37.92240145824807,-37.922401458215646,-37.92240145824782
239000.0,19.3644002872289,-37.8503939500099,-37.8503939500067,-37.85039394996736,-37.85039395000645
240000.0,19.445422882573,-37.9329871533046,-37.93298715330544,-37.93298715325458,-37.93298715330519
241000.0,19.526445477917,-38.527532908539,-38.527532908540095,-38.52753290854685,-38.52753290854017
242000.0,19.6074680732611,-40.8626810798122,-40.86268107981331,-40.86268107982572,-40.86268107981492
243000.0,19.6884906686051,-48.5738581031678,-48.57385810317361,-48.5738581032154,-48.57385810317807
244000.0,19.7695132639492,-57.4576693251076,-57.457669325092276,-57.45766932510776,-57.457669325091885
245000.0,19.8505358592933,-47.0067702081796,-47.0067702081753,-47.00677020812006,-47.00677020817469
246000.0,19.9315584546373,-44.0335500666522,-44.033550066647976,-44.033550066597876,-44.033550066647884
247000.0,20.0125810499814,-42.5785566513452,-42.578556651340904,-42.578556651285524,-42.57855665134029
248000.0,20.0936036453254,-41.6972291147785,-41.69722911477318,-41.69722911470829,-41.69722911477271
249000.0,20.1746262406695,-41.0937044628752,-41.093704462868615,-41.093704462875486,-41.093704462868075
250000.0,20.2556488360135,-40.6521070063527,-40.65210700635398,-40.652107006362215,-40.65210700635351
251000.0,20.3366714313576,-40.3211779265264,-40.321177926527454,-40.32117792653765,-40.32117792652726
252000.0,20.4176940267016,-40.0754384249051,-40.07543842490608,-40.0754384249185,-40.07543842490608
253000.0,20.4987166220457,-39.8995310014694,-39.899531001470585,-39.89953100148526,-39.89953100147059
254000.0,20.5797392173897,-39.7811995843179,-39.78119958431936,-39.78119958433651,-39.781199584319324
255000.0,20.6607618127338,-39.7080423083714,-39.70804230837271,-39.70804230839215,-39.70804230837286
256000.0,20.7417844080778,-39.6662198547178,-39.66621985471927,-39.66621985474064,-39.66621985471946
257000.0,20.8228070034219,-39.6404443149545,-39.64044431495601,-39.640444314978346,-39.64044431495634
258000.0,20.903829598766,-39.6150003923863,-39.61500039238757,-39.61500039240893,-39.615000392387984
259000.0,20.98485219411,-39.5755909165097,-39.57559091651059,-39.57559091652789,-39.575590916510926
260000.0,21.0658747894541,-39.5116001808867,-39.51160018088587,-39.51160018088497,-39.51160018088616
261000.0,21.1468973847981,-39.4181518717713,-39.418151871770874,-39.41815187177129,-39.41815187177098
262000.0,21.2279199801422,-39.2974545181892,-39.29745451818884,-39.297454518191174,-39.29745451818905
263000.0,21.3089425754862,-39.1598769422512,-39.15987694225071,-39.15987694225591,-39.159876942251216
264000.0,21.3899651708303,-39.0290158416899,-39.029015841689855,-39.02901584169908,-39.02901584169034
265000.0,21.4709877661743,-38.9866354277981,-38.98663542779893,-38.98663542781375,-38.986635427799115
266000.0,21.5520103615184,-38.7279570566578,-38.72795705665863,-38.72795705668438,-38.727957056659235
267000.0,21.6330329568624,-38.0494588679197,-38.049458867921885,-38.04945886795006,-38.049458867922034
268000.0,21.7140555522065,-38.0103004690707,-38.01030046907369,-38.010300469112224,-38.01030046907393
269000.0,21.7950781475506,-37.8870385317606,-37.887038531759536,-37.88703853181012,-37.887038531759714
270000.0,21.8761007428946,-37.7368117078267,-37.73681170782557,-37.736811707891015,-37.73681170782574
271000.0,21.9571233382387,-37.564581897591,-37.56458189758962,-37.564581897581554,-37.56458189758981
272000.0,22.0381459335827,-37.372717602695,-37.372717602693335,-37.372717602683345,-37.37271760269357
273000.0,22.1191685289268,-37.1916822352815,-37.19168223527961,-37.191682235266875,-37.19168223527984
274000.0,22.2001911242708,-37.1599308477838,-37.15993084778151,-37.15993084776555,-37.15993084778202
275000.0,22.2812137196149,-37.7405227211347,-37.74052272113152,-37.74052272111064,-37.74052272113295
276000.0,22.3622363149589,-42.0276738863557,-42.027673886350044,-42.027673886307255,-42.02767388635476
277000.0,22.443258910303,-47.6882874232106,-47.68828742320045,-47.688287423207726,-47.68828742320805
278000.0,22.524281505647,-62.065915492517,-62.06591549245309,-62.065915492505,-62.06591549245882
279000.0,22.6053041009911,-50.6656750242956,-50.66567502429603,-50.665675024289285,-50.665675024295275
280000.0,22.6863266963351,-46.9329691436414,-46.93296914364075,-46.9329691436318,-46.9329691436412
281000.0,22.7673492916792,-45.4272353066073,-45.427235306607194,-45.427235306595094,-45.42723530660679
282000.0,22.8483718870233,-44.7166137039635,-44.71661370396228,-44.71661370394274,-44.716613703962125
283000.0,22.9293944823673,-39.9922473831858,-39.99224738318508,-39.992247383169016,-39.99224738318484
284000.0,23.0104170777114,-39.8236699668647,-39.8236699668636,-39.82366996684581,-39.823669966863356
285000.0,23.0914396730554,-40.1449398297495,-40.144939829747685,-40.14493982972332,-40.14493982974754
286000.0,23.1724622683995,-40.2219769466629,-40.221976946660206,-40.22197694662691,-40.221976946660156
287000.0,23.2534848637435,-40.2108127445108,-40.21081274450674,-40.21081274446294,-40.210812744506825
288000.0,23.3345074590876,-40.1577048163993,-40.157704816394244,-40.15770481633769,-40.15770481639404
289000.0,23.4155300544316,-40.0727325533286,-40.072732553330546,-40.07273255325953,-40.07273255332996
290000.0,23.4965526497757,-39.956741671051,-39.95674167105251,-39.95674167106126,-39.956741671052384
291000.0,23.5775752451197,-39.8106856150748,-39.81068561507635,-39.81068561508706,-39.810685615076245
292000.0,23.6585978404638,-39.6386889008902,-39.63868890089179,-39.63868890090406,-39.63868890089174
293000.0,23.7396204358079,-39.4481423045473,-39.44814230454882,-39.44814230456259,-39.448142304548924
294000.0,23.8206430311519,-39.2482849178352,-39.24828491783696,-39.24828491785194,-39.248284917837026
295000.0,23.901665626496,-39.0482610098351,-39.048261009836686,-39.04826100985224,-39.04826100983682
296000.0,23.98268822184,-38.8553225059395,-38.85532250594107,-38.85532250595648,-38.85532250594121
297000.0,24.0637108171841,-38.6735076119974,-38.673507611998744,-38.67350761201277,-38.67350761199895
298000.0,24.1447334125281,-38.5028609599552,-38.50286095995614,-38.50286095996721,-38.502860959956344
299000.0,24.2257560078722,-38.3391379994955,-38.33913799949538,-38.33913799950102,-38.33913799949553
300000.0,24.3067786032162,-38.1739358862818,-38.17393588628161,-38.17393588627923,-38.17393588628192
301000.0,24.3878011985603,-37.9952533835055,-37.99525338350509,-37.99525338349072,-37.99525338350539
302000.0,24.4688237939043,-37.7885573753894,-37.788557375389345,-37.788557375392465,-37.78855737538948
303000.0,24.5498463892484,-37.5385585948098,-37.53855859481049,-37.5385585948161,-37.53855859481045
304000.0,24.6308689845924,-37.2323470599613,-37.232347059961896,-37.23234705997035,-37.232347059962
305000.0,24.7118915799365,-36.8662946428588,-36.86629464285971,-36.86629464287102,-36.86629464285964
306000.0,24.7929141752806,-36.465392392079,-36.46539239208045,-36.465392392095495,-36.465392392080425
307000.0,24.8739367706246,-36.143441574674,-36.14344157467589,-36.14344157469388,-36.143441574675805
308000.0,24.9549593659687,-36.2709337098524,-36.27093370985485,-36.27093370987539,-36.27093370985493
309000.0,25.0359819613127,-37.7051568291579,-37.705156829157886,-37.70515682918105,-37.705156829158625
310000.0,25.1170045566568,-41.3346107338023,-41.33461073380343,-41.334610733799565,-41.334610733804354
311000.0,25.1980271520008,-46.8472047974273,-46.84720479742593,-46.847204797410946,-46.847204797428425
312000.0,25.2790497473449,-50.5223497841619,-50.52234978415831,-50.522349784112734,-50.52234978415777
313000.0,25.3600723426889,-48.7844526930163,-48.78445269301303,-48.78445269297125,-48.78445269301125
314000.0,25.441094938033,-46.6552825433578,-46.655282543355426,-46.65528254332409,-46.655282543354275
315000.0,25.522117533377,-45.235442441043,-45.23544244104115,-45.235442441016716,-45.23544244104005
316000.0,25.6031401287211,-44.2874315712871,-44.287431571286405,-44.2874315712681,-44.28743157128525
317000.0,25.6841627240652,-43.6162340229907,-43.616234022990426,-43.61623402298016,-43.61623402298999
318000.0,25.7651853194092,-43.1064091512594,-43.10640915126005,-43.10640915126007,-43.10640915125959
319000.0,25.8462079147533,-42.6896486050828,-42.689648605082844,-42.689648605097844,-42.68964860508306
320000.0,25.9272305100973,-42.3261360626687,-42.32613606266767,-42.32613606266402,-42.32613606266824
321000.0,26.0082531054414,-41.9949903944289,-41.99499039442797,-41.99499039442137,-41.99499039442831
322000.0,26.0892757007854,-41.6885642663932,-41.6885642663911,-41.68856426638114,-41.68856426639213
323000.0,26.1702982961295,-41.4083146853773,-41.40831468537524,-41.40831468536098,-41.408314685376
324000.0,26.2513208914735,-41.161737919119,-41.16173791911671,-41.16173791909659,-41.16173791911706
325000.0,26.3323434868176,-40.9607926868606,-40.96079268685719,-40.960792686830814,-40.96079268685788
326000.0,26.4133660821616,-40.8230544101771,-40.823054410172304,-40.82305441013788,-40.823054410173114
327000.0,26.4943886775057,-40.7791854486265,-40.77918544862115,-40.779185448577344,-40.77918544862173
328000.0,26.5754112728497,-40.9006587551736,-40.90065875516715,-40.90065875511094,-40.900658755167484
329000.0,26.6564338681938,-41.4193722537409,-41.41937225374125,-41.41937225366796,-41.41937225374161
330000.0,26.7374564635379,-42.8222397195261,-42.8222397195279,-42.82223971953836,-42.822239719527396
331000.0,26.8184790588819,-38.7045269144091,-38.70452691440936,-38.704526914380544,-38.70452691440945
332000.0,26.899501654226,-37.397980913301,-37.39798091330164,-37.397980913260824,-37.397980913301
333000.0,26.98052424957,-36.8622843935395,-36.86228439354021,-36.86228439354791,-36.86228439353931
334000.0,27.0615468449141,-37.1828347548354,-37.18283475483659,-37.182834754845366,-37.182834754835305
335000.0,27.1425694402581,-37.1475414461603,-37.147541446161284,-37.147541446169996,-37.147541446159885
336000.0,27.2235920356022,-36.9260409652635,-36.92604096526456,-36.92604096527277,-36.92604096526306
337000.0,27.3046146309462,-36.575769420892,-36.57576942089324,-36.57576942090014,-36.575769420891554
338000.0,27.3856372262903,-36.126695518626,-36.126695518628104,-36.12669551863322,-36.126695518625425
339000.0,27.4666598216343,-35.6227992451608,-35.6227992451619,-35.62279924516566,-35.62279924515951
340000.0,27.5476824169784,-35.1891607929833,-35.18916079298435,-35.1891607929883,-35.18916079298263
341000.0,27.6287050123224,-35.1777070000265,-35.177707000027574,-35.17770700003546,-35.17770700002805
342000.0,27.7097276076665,-36.2623039270858,-36.26230392708798,-36.26230392710647,-36.26230392709236
343000.0,27.7907502030106,-38.8842500396998,-38.88425003970224,-38.884250039697676,-38.88425003970961
344000.0,27.8717727983546,-42.572652224247,-42.572652224252025,-42.57265222424634,-42.572652224262264
345000.0,27.9527953936987,-46.2226707825706,-46.222670782578405,-46.22267078258869,-46.22267078258321
346000.0,28.0338179890427,-46.5093027885048,-46.50930278851534,-46.509302788558756,-46.50930278851114
347000.0,28.1148405843868,-46.1430905883786,-46.14309058839186,-46.14309058846004,-46.14309058838845
348000.0,28.1958631797308,-45.5552002073992,-45.55520020741295,-45.5552002074981,-45.55520020740981
349000.0,28.2768857750749,-44.8803110543446,-44.88031105434594,-44.88031105433309,-44.880311054343636
350000.0,28.3579083704189,-44.2348898912638,-44.2348898912626,-44.234889891248635,-44.2348898912616
351000.0,28.438930965763,-43.645680473061,-43.645680473060395,-43.645680473045786,-43.64568047305919
352000.0,28.519953561107,-43.1128637170174,-43.1128637170146,-43.11286371700204,-43.11286371701529
353000.0,28.6009761564511,-42.6330722697473,-42.63307226974443,-42.63307226973254,-42.63307226974508
354000.0,28.6819987517952,-42.204197637028,-42.204197637024976,-42.20419763701437,-42.20419763702576
355000.0,28.7630213471392,-41.8249228471172,-41.824922847113854,-41.82492284710557,-41.82492284711475
356000.0,28.8440439424833,-41.4932851769949,-41.49328517699202,-41.49328517698777,-41.49328517699304
357000.0,28.9250665378273,-41.2054869881978,-41.205486988195624,-41.205486988196476,-41.20548698819641
358000.0,29.0060891331714,-40.9551962401732,-40.95519624017268,-40.95519624018146,-40.95519624017318
359000.0,29.0871117285154,-40.7333269339235,-40.73332693392143,-40.733326933941015,-40.7333269339221
360000.0,29.1681343238595,-40.5282745968223,-40.52827459682117,-40.528274596853834,-40.52827459682115
